{"graph":
    {"vertices": [
        {"id":1},
        {"id":2},
        {"id":3},
        {"id":4},
        {"id":5},
        {"id":6},
        {"id":7},
        {"id":8},
        {"id":9},
        {"id":10},
        {"id":11},
        {"id":12},
        {"id":13},
        {"id":14},
        {"id":15},
        {"id":16},
        {"id":17},
        {"id":18},
        {"id":19},
        {"id":20},
        {"id":21},
        {"id":22}
    ],
    "edges":[
        {"id":1, "node_a": 5, "node_b": 1},
        {"id":2, "node_a": 6, "node_b": 1},
        {"id":3, "node_a": 7, "node_b": 1},
        {"id":4, "node_a": 8, "node_b": 1},
        {"id":5, "node_a": 1, "node_b": 9},
        {"id":6, "node_a": 1, "node_b": 10},
        {"id":7, "node_a": 1, "node_b": 11},
        {"id":8, "node_a": 1, "node_b": 2},
        {"id":9, "node_a": 11, "node_b": 2},
        {"id":10, "node_a": 10, "node_b": 2},
        {"id":11, "node_a": 9, "node_b": 2},
        {"id":12, "node_a": 2, "node_b": 12},
        {"id":13, "node_a": 2, "node_b": 13},
        {"id":14, "node_a": 2, "node_b": 14},
        {"id":15, "node_a": 2, "node_b": 15},
        {"id":16, "node_a": 2, "node_b": 3},
        {"id":17, "node_a": 3, "node_b": 15},
        {"id":18, "node_a": 3, "node_b": 16},
        {"id":19, "node_a": 3, "node_b": 17},
        {"id":20, "node_a": 3, "node_b": 18},
        {"id":21, "node_a": 3, "node_b": 4},
        {"id":22, "node_a": 4, "node_b": 19},
        {"id":23, "node_a": 4, "node_b": 20},
        {"id":24, "node_a": 4, "node_b": 21},
        {"id":25, "node_a": 4, "node_b": 22}
        ]
    }
}
